cv,case,objective,risk,extra,n_solves,n_warm_starts,n_rebuilds,native_s,auto_s,auto_speedup,auto_backend,reason,fallback_reason,status
walk-forward,MINIMIZE_RISK/VARIANCE,MINIMIZE_RISK,VARIANCE,,228,227,0,2.1471521639996354,0.04594890000043961,46.729130925421345,osqp,boxed MeanRisk variance; compact OSQP,,ok
walk-forward,MINIMIZE_RISK/SEMI_VARIANCE,MINIMIZE_RISK,SEMI_VARIANCE,,228,227,0,2.9975275329998112,1.3061918380008137,2.294860100785551,clarabel,boxed MeanRisk scenario risk; compact Clarabel,,ok
walk-forward,MINIMIZE_RISK/STANDARD_DEVIATION,MINIMIZE_RISK,STANDARD_DEVIATION,,228,227,1,2.0239271169994026,0.7847803439999552,2.578972743740786,cvxpy-sequential,MeanRisk outside the compact subset (risk_measure is not compacted),,ok
walk-forward,MINIMIZE_RISK/SEMI_DEVIATION,MINIMIZE_RISK,SEMI_DEVIATION,,228,227,0,3.625512141999934,1.7646430929999042,2.0545299819447007,clarabel,boxed MeanRisk scenario risk; compact Clarabel,,ok
walk-forward,MINIMIZE_RISK/MEAN_ABSOLUTE_DEVIATION,MINIMIZE_RISK,MEAN_ABSOLUTE_DEVIATION,,228,227,0,2.9371422179992805,1.2242444299990893,2.3991468909533578,clarabel,boxed MeanRisk scenario risk; compact Clarabel,,ok
walk-forward,MINIMIZE_RISK/CVAR,MINIMIZE_RISK,CVAR,,228,227,0,3.140590537001117,0.929114517999551,3.380197463454806,clarabel,boxed MeanRisk scenario risk; compact Clarabel,,ok
walk-forward,MINIMIZE_RISK/EVAR,MINIMIZE_RISK,EVAR,,228,0,0,5.014157039999191,7.0566531240001495,0.7105573919944721,fit-assemble,native fit; assemble from weights_,compact EVAR solve failed: RuntimeError: Clarabel EVAR failed: InsufficientProgress,ok
walk-forward,MINIMIZE_RISK/WORST_REALIZATION,MINIMIZE_RISK,WORST_REALIZATION,,228,227,0,2.62802493900017,1.0355555120004283,2.5377924298075514,clarabel,boxed MeanRisk scenario risk; compact Clarabel,,ok
walk-forward,MINIMIZE_RISK/CDAR,MINIMIZE_RISK,CDAR,,228,227,0,4.299635647999821,2.0756560339996213,2.0714586509378297,clarabel,boxed MeanRisk scenario risk; compact Clarabel,,ok
walk-forward,MINIMIZE_RISK/MAX_DRAWDOWN,MINIMIZE_RISK,MAX_DRAWDOWN,,228,227,0,3.61233725800048,1.712183682999239,2.109783718807981,clarabel,boxed MeanRisk scenario risk; compact Clarabel,,ok
walk-forward,MINIMIZE_RISK/AVERAGE_DRAWDOWN,MINIMIZE_RISK,AVERAGE_DRAWDOWN,,228,227,0,3.223184472999492,1.856867690999934,1.735818059963006,clarabel,boxed MeanRisk scenario risk; compact Clarabel,,ok
walk-forward,MINIMIZE_RISK/EDAR,MINIMIZE_RISK,EDAR,,,,,,,,clarabel,,,"SolverError: Solver 'CLARABEL' failed. Try another solver, or solve with solver_params=dict(verbose=True) for more information"
walk-forward,MINIMIZE_RISK/FIRST_LOWER_PARTIAL_MOMENT,MINIMIZE_RISK,FIRST_LOWER_PARTIAL_MOMENT,,228,227,0,2.8870118569993792,1.2271393180017185,2.3526357721962716,clarabel,boxed MeanRisk scenario risk; compact Clarabel,,ok
walk-forward,MINIMIZE_RISK/ULCER_INDEX,MINIMIZE_RISK,ULCER_INDEX,,228,227,1,4.224300547999519,2.421937291001086,1.7441824624011806,cvxpy-sequential,MeanRisk outside the compact subset (risk_measure is not compacted),,ok
walk-forward,MAXIMIZE_RETURN/VARIANCE,MAXIMIZE_RETURN,VARIANCE,,228,227,1,2.0783914220010047,0.7588478420002502,2.7388776866289346,cvxpy-sequential,MeanRisk outside the compact subset (objective_function is not compacted),,ok
walk-forward,MAXIMIZE_RETURN/SEMI_VARIANCE,MAXIMIZE_RETURN,SEMI_VARIANCE,,228,227,1,2.6636385540004994,1.1672652260003815,2.281948005191092,cvxpy-sequential,MeanRisk outside the compact subset (objective_function is not compacted),,ok
walk-forward,MAXIMIZE_RETURN/STANDARD_DEVIATION,MAXIMIZE_RETURN,STANDARD_DEVIATION,,228,227,1,2.066357247000269,0.7534105510003428,2.742670970371543,cvxpy-sequential,MeanRisk outside the compact subset (objective_function is not compacted),,ok
walk-forward,MAXIMIZE_RETURN/SEMI_DEVIATION,MAXIMIZE_RETURN,SEMI_DEVIATION,,228,227,1,2.659029157999612,1.1705433600000106,2.2716195306080658,cvxpy-sequential,MeanRisk outside the compact subset (objective_function is not compacted),,ok
walk-forward,MAXIMIZE_RETURN/MEAN_ABSOLUTE_DEVIATION,MAXIMIZE_RETURN,MEAN_ABSOLUTE_DEVIATION,,228,227,1,2.655523096998877,1.2020361169998068,2.2091874440735326,cvxpy-sequential,MeanRisk outside the compact subset (objective_function is not compacted),,ok
walk-forward,MAXIMIZE_RETURN/CVAR,MAXIMIZE_RETURN,CVAR,,228,227,1,2.843310244999884,1.2344550319994596,2.3032918747915385,cvxpy-sequential,MeanRisk outside the compact subset (objective_function is not compacted),,ok
walk-forward,MAXIMIZE_RETURN/EVAR,MAXIMIZE_RETURN,EVAR,,228,227,1,3.6823806270003843,1.5886188149997906,2.317976214451967,cvxpy-sequential,MeanRisk outside the compact subset (objective_function is not compacted),,ok
walk-forward,MAXIMIZE_RETURN/WORST_REALIZATION,MAXIMIZE_RETURN,WORST_REALIZATION,,228,227,1,2.441576924000401,1.101383111999894,2.2168280023533136,cvxpy-sequential,MeanRisk outside the compact subset (objective_function is not compacted),,ok
walk-forward,MAXIMIZE_RETURN/CDAR,MAXIMIZE_RETURN,CDAR,,228,227,1,3.990702846000204,1.8215095169998676,2.190876747420526,cvxpy-sequential,MeanRisk outside the compact subset (objective_function is not compacted),,ok
walk-forward,MAXIMIZE_RETURN/MAX_DRAWDOWN,MAXIMIZE_RETURN,MAX_DRAWDOWN,,228,227,1,3.4896908289993007,1.6324347720001242,2.1377214507159708,cvxpy-sequential,MeanRisk outside the compact subset (objective_function is not compacted),,ok
walk-forward,MAXIMIZE_RETURN/AVERAGE_DRAWDOWN,MAXIMIZE_RETURN,AVERAGE_DRAWDOWN,,228,227,1,3.136387176999051,1.468126306999693,2.1363197172106165,cvxpy-sequential,MeanRisk outside the compact subset (objective_function is not compacted),,ok
walk-forward,MAXIMIZE_RETURN/EDAR,MAXIMIZE_RETURN,EDAR,,228,227,1,4.63733186600075,1.9977702950000094,2.3212537885897078,cvxpy-sequential,MeanRisk outside the compact subset (objective_function is not compacted),,ok
walk-forward,MAXIMIZE_RETURN/FIRST_LOWER_PARTIAL_MOMENT,MAXIMIZE_RETURN,FIRST_LOWER_PARTIAL_MOMENT,,228,227,1,2.7762409239985573,1.1957299330006208,2.321795956911213,cvxpy-sequential,MeanRisk outside the compact subset (objective_function is not compacted),,ok
walk-forward,MAXIMIZE_RETURN/ULCER_INDEX,MAXIMIZE_RETURN,ULCER_INDEX,,228,227,1,3.145052214000316,1.4744693810007448,2.1330061203886928,cvxpy-sequential,MeanRisk outside the compact subset (objective_function is not compacted),,ok
walk-forward,MAXIMIZE_UTILITY/VARIANCE,MAXIMIZE_UTILITY,VARIANCE,,228,227,0,2.197729322999294,0.041122075001112535,53.44402788380293,osqp,boxed MeanRisk variance; compact OSQP,,ok
walk-forward,MAXIMIZE_UTILITY/SEMI_VARIANCE,MAXIMIZE_UTILITY,SEMI_VARIANCE,,228,227,0,3.0846163900005195,1.2496828030016331,2.4683194668211246,clarabel,boxed MeanRisk scenario risk; compact Clarabel,,ok
walk-forward,MAXIMIZE_UTILITY/STANDARD_DEVIATION,MAXIMIZE_UTILITY,STANDARD_DEVIATION,,228,227,1,2.180011716998706,0.7871262129992829,2.769583430199767,cvxpy-sequential,MeanRisk outside the compact subset (risk_measure is not compacted),,ok
walk-forward,MAXIMIZE_UTILITY/SEMI_DEVIATION,MAXIMIZE_UTILITY,SEMI_DEVIATION,,228,227,0,3.771340183000575,1.7568975789999968,2.1465908019220863,clarabel,boxed MeanRisk scenario risk; compact Clarabel,,ok
walk-forward,MAXIMIZE_UTILITY/MEAN_ABSOLUTE_DEVIATION,MAXIMIZE_UTILITY,MEAN_ABSOLUTE_DEVIATION,,228,227,0,3.0844940040005895,1.2411738479986525,2.4851426002684662,clarabel,boxed MeanRisk scenario risk; compact Clarabel,,ok
walk-forward,MAXIMIZE_UTILITY/CVAR,MAXIMIZE_UTILITY,CVAR,,228,227,0,3.356386132998523,0.9549310179991153,3.514794335648685,clarabel,boxed MeanRisk scenario risk; compact Clarabel,,ok
walk-forward,MAXIMIZE_UTILITY/EVAR,MAXIMIZE_UTILITY,EVAR,,228,0,0,5.204115004000414,6.990137403001427,0.7444939496848617,fit-assemble,native fit; assemble from weights_,compact EVAR solve failed: RuntimeError: Clarabel EVAR failed: InsufficientProgress,ok
walk-forward,MAXIMIZE_UTILITY/WORST_REALIZATION,MAXIMIZE_UTILITY,WORST_REALIZATION,,228,227,0,2.7148207890004414,1.1066544330005854,2.453178434065881,clarabel,boxed MeanRisk scenario risk; compact Clarabel,,ok
walk-forward,MAXIMIZE_UTILITY/CDAR,MAXIMIZE_UTILITY,CDAR,,228,227,0,4.440479679000418,2.094641429999683,2.1199235417591686,clarabel,boxed MeanRisk scenario risk; compact Clarabel,,ok
walk-forward,MAXIMIZE_UTILITY/MAX_DRAWDOWN,MAXIMIZE_UTILITY,MAX_DRAWDOWN,,228,227,0,3.794001289999869,1.7389371299996128,2.1817932486154423,clarabel,boxed MeanRisk scenario risk; compact Clarabel,,ok
walk-forward,MAXIMIZE_UTILITY/AVERAGE_DRAWDOWN,MAXIMIZE_UTILITY,AVERAGE_DRAWDOWN,,228,227,0,3.386026345000573,1.876681681998889,1.80426247960925,clarabel,boxed MeanRisk scenario risk; compact Clarabel,,ok
walk-forward,MAXIMIZE_UTILITY/EDAR,MAXIMIZE_UTILITY,EDAR,,,,,,,,clarabel,,,"SolverError: Solver 'CLARABEL' failed. Try another solver, or solve with solver_params=dict(verbose=True) for more information"
walk-forward,MAXIMIZE_UTILITY/FIRST_LOWER_PARTIAL_MOMENT,MAXIMIZE_UTILITY,FIRST_LOWER_PARTIAL_MOMENT,,228,227,0,3.030266522000602,1.267536942001243,2.390673140631534,clarabel,boxed MeanRisk scenario risk; compact Clarabel,,ok
walk-forward,MAXIMIZE_UTILITY/ULCER_INDEX,MAXIMIZE_UTILITY,ULCER_INDEX,,228,227,1,4.350585397998657,2.397411045998524,1.8147014902847558,cvxpy-sequential,MeanRisk outside the compact subset (risk_measure is not compacted),,ok
walk-forward,MAXIMIZE_RATIO/VARIANCE,MAXIMIZE_RATIO,VARIANCE,,228,0,0,2.337882809999428,2.033709171000737,1.149565947450104,fit-assemble,MAXIMIZE_RATIO homogenization is not parameterized,objective_function is not compacted,ok
walk-forward,MAXIMIZE_RATIO/SEMI_VARIANCE,MAXIMIZE_RATIO,SEMI_VARIANCE,,228,0,0,3.5285731820004003,3.1771781589995953,1.1105997225888804,fit-assemble,MAXIMIZE_RATIO homogenization is not parameterized,objective_function is not compacted,ok
walk-forward,MAXIMIZE_RATIO/STANDARD_DEVIATION,MAXIMIZE_RATIO,STANDARD_DEVIATION,,228,0,0,2.2589057670011243,1.889790974000789,1.195320433888463,fit-assemble,MAXIMIZE_RATIO homogenization is not parameterized,objective_function is not compacted,ok
walk-forward,MAXIMIZE_RATIO/SEMI_DEVIATION,MAXIMIZE_RATIO,SEMI_DEVIATION,,228,0,0,4.191183301998535,3.873321281000244,1.0820644604302503,fit-assemble,MAXIMIZE_RATIO homogenization is not parameterized,objective_function is not compacted,ok
walk-forward,MAXIMIZE_RATIO/MEAN_ABSOLUTE_DEVIATION,MAXIMIZE_RATIO,MEAN_ABSOLUTE_DEVIATION,,228,0,0,3.289058248999936,2.9337695089998306,1.1211031537788492,fit-assemble,MAXIMIZE_RATIO homogenization is not parameterized,objective_function is not compacted,ok
walk-forward,MAXIMIZE_RATIO/CVAR,MAXIMIZE_RATIO,CVAR,,228,0,0,3.8354352910009766,3.5215548679989297,1.089131203337009,fit-assemble,MAXIMIZE_RATIO homogenization is not parameterized,objective_function is not compacted,ok
walk-forward,MAXIMIZE_RATIO/EVAR,MAXIMIZE_RATIO,EVAR,,,,,,,,fit-assemble,,,"SolverError: Solver 'CLARABEL' failed. Try another solver, or solve with solver_params=dict(verbose=True) for more information"
walk-forward,MAXIMIZE_RATIO/WORST_REALIZATION,MAXIMIZE_RATIO,WORST_REALIZATION,,228,0,0,3.057805758999166,2.7444315459997597,1.1141854725639542,fit-assemble,MAXIMIZE_RATIO homogenization is not parameterized,objective_function is not compacted,ok
walk-forward,MAXIMIZE_RATIO/CDAR,MAXIMIZE_RATIO,CDAR,,228,0,0,4.938757792000615,4.70123701600096,1.0505230379134765,fit-assemble,MAXIMIZE_RATIO homogenization is not parameterized,objective_function is not compacted,ok
walk-forward,MAXIMIZE_RATIO/MAX_DRAWDOWN,MAXIMIZE_RATIO,MAX_DRAWDOWN,,228,0,0,4.065655239999614,3.6931282460009243,1.1008703108000861,fit-assemble,MAXIMIZE_RATIO homogenization is not parameterized,objective_function is not compacted,ok
walk-forward,MAXIMIZE_RATIO/AVERAGE_DRAWDOWN,MAXIMIZE_RATIO,AVERAGE_DRAWDOWN,,228,0,0,3.8568935270013753,3.516131710999616,1.096913837139759,fit-assemble,MAXIMIZE_RATIO homogenization is not parameterized,objective_function is not compacted,ok
walk-forward,MAXIMIZE_RATIO/EDAR,MAXIMIZE_RATIO,EDAR,,,,,,,,fit-assemble,,,"SolverError: Solver 'CLARABEL' failed. Try another solver, or solve with solver_params=dict(verbose=True) for more information"
walk-forward,MAXIMIZE_RATIO/FIRST_LOWER_PARTIAL_MOMENT,MAXIMIZE_RATIO,FIRST_LOWER_PARTIAL_MOMENT,,228,0,0,3.6427669860004244,3.2636324200011586,1.1161695060006578,fit-assemble,MAXIMIZE_RATIO homogenization is not parameterized,objective_function is not compacted,ok
walk-forward,MAXIMIZE_RATIO/ULCER_INDEX,MAXIMIZE_RATIO,ULCER_INDEX,,228,0,0,4.6875501229988,4.321191101000295,1.0847819532706384,fit-assemble,MAXIMIZE_RATIO homogenization is not parameterized,objective_function is not compacted,ok
walk-forward,MINIMIZE_RISK/VARIANCE+min_return,MINIMIZE_RISK,VARIANCE,min_return,228,227,1,2.322692260000622,0.789546406998852,2.941805876654441,cvxpy-sequential,MeanRisk outside the compact subset (minimum return is not compacted),,ok
walk-forward,MINIMIZE_RISK/VARIANCE+linear_constraints,MINIMIZE_RISK,VARIANCE,linear_constraints,228,227,1,2.1994888370008994,0.7806958649998705,2.8173440331994892,cvxpy-sequential,MeanRisk outside the compact subset (linear constraints is not compacted),,ok
walk-forward,MINIMIZE_RISK/VARIANCE+management_fees,MINIMIZE_RISK,VARIANCE,management_fees,228,227,1,2.089047645999017,0.7787082039994857,2.682709178187105,cvxpy-sequential,MeanRisk outside the compact subset (management fees are not compacted),,ok
walk-forward,MINIMIZE_RISK/VARIANCE+l1_coef,MINIMIZE_RISK,VARIANCE,l1_coef,228,227,1,2.2310819260001153,0.8187920399996074,2.724845647010913,cvxpy-sequential,MeanRisk outside the compact subset (l1_coef is not compacted),,ok
walk-forward,MINIMIZE_RISK/CVAR+min_return,MINIMIZE_RISK,CVAR,min_return,228,227,1,3.4666168139992806,1.6394443770004727,2.114507123652345,cvxpy-sequential,MeanRisk outside the compact subset (minimum return is not compacted),,ok
multiple-randomized,MINIMIZE_RISK/VARIANCE,MINIMIZE_RISK,VARIANCE,,480,460,0,4.319854432998909,0.08965011899999809,48.18570774009794,osqp,boxed MeanRisk variance; compact OSQP,,ok
multiple-randomized,MINIMIZE_RISK/SEMI_VARIANCE,MINIMIZE_RISK,SEMI_VARIANCE,,480,460,0,5.641565001000345,1.8473468850006611,3.0538742056548442,clarabel,boxed MeanRisk scenario risk; compact Clarabel,,ok
multiple-randomized,MINIMIZE_RISK/STANDARD_DEVIATION,MINIMIZE_RISK,STANDARD_DEVIATION,,480,460,20,4.164259465998839,1.7049569780010643,2.4424425482460705,cvxpy-sequential,MeanRisk outside the compact subset (risk_measure is not compacted),,ok
multiple-randomized,MINIMIZE_RISK/SEMI_DEVIATION,MINIMIZE_RISK,SEMI_DEVIATION,,480,460,0,6.588492932000008,2.4914593729990884,2.644431213048088,clarabel,boxed MeanRisk scenario risk; compact Clarabel,,ok
multiple-randomized,MINIMIZE_RISK/MEAN_ABSOLUTE_DEVIATION,MINIMIZE_RISK,MEAN_ABSOLUTE_DEVIATION,,480,460,0,5.401096210000105,1.6706127470006322,3.2330031120001155,clarabel,boxed MeanRisk scenario risk; compact Clarabel,,ok
multiple-randomized,MINIMIZE_RISK/CVAR,MINIMIZE_RISK,CVAR,,480,460,0,5.807431770999756,1.34023883899863,4.333131977684533,clarabel,boxed MeanRisk scenario risk; compact Clarabel,,ok
multiple-randomized,MINIMIZE_RISK/EVAR,MINIMIZE_RISK,EVAR,,,,,,,,clarabel,,,"SolverError: Solver 'CLARABEL' failed. Try another solver, or solve with solver_params=dict(verbose=True) for more information"
multiple-randomized,MINIMIZE_RISK/WORST_REALIZATION,MINIMIZE_RISK,WORST_REALIZATION,,480,460,0,4.7833389549996355,1.3626475979999668,3.5103272203469236,clarabel,boxed MeanRisk scenario risk; compact Clarabel,,ok
multiple-randomized,MINIMIZE_RISK/CDAR,MINIMIZE_RISK,CDAR,,480,460,0,8.093770753999706,3.2898334089986747,2.460237266683727,clarabel,boxed MeanRisk scenario risk; compact Clarabel,,ok
multiple-randomized,MINIMIZE_RISK/MAX_DRAWDOWN,MINIMIZE_RISK,MAX_DRAWDOWN,,480,460,0,6.760480507000466,2.582164950999868,2.6181443228027192,clarabel,boxed MeanRisk scenario risk; compact Clarabel,,ok
multiple-randomized,MINIMIZE_RISK/AVERAGE_DRAWDOWN,MINIMIZE_RISK,AVERAGE_DRAWDOWN,,480,460,0,6.226481533998594,2.734609683999224,2.276917825030404,clarabel,boxed MeanRisk scenario risk; compact Clarabel,,ok
multiple-randomized,MINIMIZE_RISK/EDAR,MINIMIZE_RISK,EDAR,,,,,,,,clarabel,,,"SolverError: Solver 'CLARABEL' failed. Try another solver, or solve with solver_params=dict(verbose=True) for more information"
multiple-randomized,MINIMIZE_RISK/FIRST_LOWER_PARTIAL_MOMENT,MINIMIZE_RISK,FIRST_LOWER_PARTIAL_MOMENT,,480,460,0,5.514991402000305,1.6653274079999392,3.3116559395511413,clarabel,boxed MeanRisk scenario risk; compact Clarabel,,ok
multiple-randomized,MINIMIZE_RISK/ULCER_INDEX,MINIMIZE_RISK,ULCER_INDEX,,480,460,20,7.866490808999515,4.531539109999358,1.7359423847057187,cvxpy-sequential,MeanRisk outside the compact subset (risk_measure is not compacted),,ok
multiple-randomized,MAXIMIZE_RETURN/VARIANCE,MAXIMIZE_RETURN,VARIANCE,,480,460,20,4.371269413000846,1.6909544499994809,2.585089984536359,cvxpy-sequential,MeanRisk outside the compact subset (objective_function is not compacted),,ok
multiple-randomized,MAXIMIZE_RETURN/SEMI_VARIANCE,MAXIMIZE_RETURN,SEMI_VARIANCE,,480,460,20,5.133543294999981,2.3196245030012506,2.213092372648218,cvxpy-sequential,MeanRisk outside the compact subset (objective_function is not compacted),,ok
multiple-randomized,MAXIMIZE_RETURN/STANDARD_DEVIATION,MAXIMIZE_RETURN,STANDARD_DEVIATION,,480,460,20,4.332341745999656,1.7266162319992873,2.509151521750228,cvxpy-sequential,MeanRisk outside the compact subset (objective_function is not compacted),,ok
multiple-randomized,MAXIMIZE_RETURN/SEMI_DEVIATION,MAXIMIZE_RETURN,SEMI_DEVIATION,,480,460,20,5.11164031699991,2.3213412360000802,2.2020202104399846,cvxpy-sequential,MeanRisk outside the compact subset (objective_function is not compacted),,ok
multiple-randomized,MAXIMIZE_RETURN/MEAN_ABSOLUTE_DEVIATION,MAXIMIZE_RETURN,MEAN_ABSOLUTE_DEVIATION,,480,460,20,5.154687161000766,2.405482763000691,2.1428909158220746,cvxpy-sequential,MeanRisk outside the compact subset (objective_function is not compacted),,ok
multiple-randomized,MAXIMIZE_RETURN/CVAR,MAXIMIZE_RETURN,CVAR,,480,460,20,5.445549067999309,2.4352200940011244,2.2361629987424023,cvxpy-sequential,MeanRisk outside the compact subset (objective_function is not compacted),,ok
multiple-randomized,MAXIMIZE_RETURN/EVAR,MAXIMIZE_RETURN,EVAR,,480,460,20,7.124630151000019,3.2154809089988703,2.215727709986078,cvxpy-sequential,MeanRisk outside the compact subset (objective_function is not compacted),,ok
multiple-randomized,MAXIMIZE_RETURN/WORST_REALIZATION,MAXIMIZE_RETURN,WORST_REALIZATION,,480,460,20,4.619494395999936,2.1708992999992915,2.12791740086767,cvxpy-sequential,MeanRisk outside the compact subset (objective_function is not compacted),,ok
multiple-randomized,MAXIMIZE_RETURN/CDAR,MAXIMIZE_RETURN,CDAR,,480,460,20,7.693095460001132,3.5232754589997057,2.1835066685888025,cvxpy-sequential,MeanRisk outside the compact subset (objective_function is not compacted),,ok
multiple-randomized,MAXIMIZE_RETURN/MAX_DRAWDOWN,MAXIMIZE_RETURN,MAX_DRAWDOWN,,480,460,20,6.588912070999868,3.1491251949992147,2.092299182472328,cvxpy-sequential,MeanRisk outside the compact subset (objective_function is not compacted),,ok
multiple-randomized,MAXIMIZE_RETURN/AVERAGE_DRAWDOWN,MAXIMIZE_RETURN,AVERAGE_DRAWDOWN,,480,460,20,5.924152720001075,2.8133232170002884,2.1057490601160698,cvxpy-sequential,MeanRisk outside the compact subset (objective_function is not compacted),,ok
multiple-randomized,MAXIMIZE_RETURN/EDAR,MAXIMIZE_RETURN,EDAR,,480,460,20,9.157323699999324,4.154612992000693,2.2041339873607644,cvxpy-sequential,MeanRisk outside the compact subset (objective_function is not compacted),,ok
multiple-randomized,MAXIMIZE_RETURN/FIRST_LOWER_PARTIAL_MOMENT,MAXIMIZE_RETURN,FIRST_LOWER_PARTIAL_MOMENT,,480,460,20,5.216582914001265,2.419540267999764,2.1560223580464806,cvxpy-sequential,MeanRisk outside the compact subset (objective_function is not compacted),,ok
multiple-randomized,MAXIMIZE_RETURN/ULCER_INDEX,MAXIMIZE_RETURN,ULCER_INDEX,,480,460,20,5.940429440999651,2.818593169000451,2.1075866876901173,cvxpy-sequential,MeanRisk outside the compact subset (objective_function is not compacted),,ok
multiple-randomized,MAXIMIZE_UTILITY/VARIANCE,MAXIMIZE_UTILITY,VARIANCE,,480,460,0,4.616433822000545,0.12915766399964923,35.74262400729919,osqp,boxed MeanRisk variance; compact OSQP,,ok
multiple-randomized,MAXIMIZE_UTILITY/SEMI_VARIANCE,MAXIMIZE_UTILITY,SEMI_VARIANCE,,480,460,0,5.8201524060004886,1.7859987119991274,3.2587662952375815,clarabel,boxed MeanRisk scenario risk; compact Clarabel,,ok
multiple-randomized,MAXIMIZE_UTILITY/STANDARD_DEVIATION,MAXIMIZE_UTILITY,STANDARD_DEVIATION,,480,460,20,4.456956124999124,1.7632855069987272,2.5276429184660345,cvxpy-sequential,MeanRisk outside the compact subset (risk_measure is not compacted),,ok
multiple-randomized,MAXIMIZE_UTILITY/SEMI_DEVIATION,MAXIMIZE_UTILITY,SEMI_DEVIATION,,480,460,0,6.967706407000151,2.486379541998758,2.802350280520298,clarabel,boxed MeanRisk scenario risk; compact Clarabel,,ok
multiple-randomized,MAXIMIZE_UTILITY/MEAN_ABSOLUTE_DEVIATION,MAXIMIZE_UTILITY,MEAN_ABSOLUTE_DEVIATION,,480,460,0,5.719793246000336,1.7666399759982596,3.2376677329337027,clarabel,boxed MeanRisk scenario risk; compact Clarabel,,ok
multiple-randomized,MAXIMIZE_UTILITY/CVAR,MAXIMIZE_UTILITY,CVAR,,480,460,0,6.174310686998069,1.3586303260017303,4.544511166012502,clarabel,boxed MeanRisk scenario risk; compact Clarabel,,ok
multiple-randomized,MAXIMIZE_UTILITY/EVAR,MAXIMIZE_UTILITY,EVAR,,,,,,,,clarabel,,,"SolverError: Solver 'CLARABEL' failed. Try another solver, or solve with solver_params=dict(verbose=True) for more information"
multiple-randomized,MAXIMIZE_UTILITY/WORST_REALIZATION,MAXIMIZE_UTILITY,WORST_REALIZATION,,480,460,0,5.0879216700013785,1.4022628989987425,3.628365033143433,clarabel,boxed MeanRisk scenario risk; compact Clarabel,,ok
multiple-randomized,MAXIMIZE_UTILITY/CDAR,MAXIMIZE_UTILITY,CDAR,,480,460,0,8.519749217000935,3.370204124999873,2.5279623729026373,clarabel,boxed MeanRisk scenario risk; compact Clarabel,,ok
multiple-randomized,MAXIMIZE_UTILITY/MAX_DRAWDOWN,MAXIMIZE_UTILITY,MAX_DRAWDOWN,,480,460,0,7.221324985999672,2.5369145939985174,2.8464990516759556,clarabel,boxed MeanRisk scenario risk; compact Clarabel,,ok
multiple-randomized,MAXIMIZE_UTILITY/AVERAGE_DRAWDOWN,MAXIMIZE_UTILITY,AVERAGE_DRAWDOWN,,480,460,0,6.443820272001176,2.8291950019993237,2.27761616553383,clarabel,boxed MeanRisk scenario risk; compact Clarabel,,ok
multiple-randomized,MAXIMIZE_UTILITY/EDAR,MAXIMIZE_UTILITY,EDAR,,,,,,,,clarabel,,,"SolverError: Solver 'CLARABEL' failed. Try another solver, or solve with solver_params=dict(verbose=True) for more information"
multiple-randomized,MAXIMIZE_UTILITY/FIRST_LOWER_PARTIAL_MOMENT,MAXIMIZE_UTILITY,FIRST_LOWER_PARTIAL_MOMENT,,480,460,0,5.905507383002259,1.7464378600016062,3.3814586354631753,clarabel,boxed MeanRisk scenario risk; compact Clarabel,,ok
multiple-randomized,MAXIMIZE_UTILITY/ULCER_INDEX,MAXIMIZE_UTILITY,ULCER_INDEX,,480,460,20,8.073516757001926,4.4973663720011245,1.7951654566691608,cvxpy-sequential,MeanRisk outside the compact subset (risk_measure is not compacted),,ok
multiple-randomized,MAXIMIZE_RATIO/VARIANCE,MAXIMIZE_RATIO,VARIANCE,,480,0,0,4.854156186000182,4.142140849999123,1.1718954911929684,fit-assemble,MAXIMIZE_RATIO homogenization is not parameterized,objective_function is not compacted,ok
multiple-randomized,MAXIMIZE_RATIO/SEMI_VARIANCE,MAXIMIZE_RATIO,SEMI_VARIANCE,,480,0,0,6.477933384998323,5.788755483998102,1.1190545883144176,fit-assemble,MAXIMIZE_RATIO homogenization is not parameterized,objective_function is not compacted,ok
multiple-randomized,MAXIMIZE_RATIO/STANDARD_DEVIATION,MAXIMIZE_RATIO,STANDARD_DEVIATION,,480,0,0,4.696617590001551,3.963913832001708,1.1848435130159831,fit-assemble,MAXIMIZE_RATIO homogenization is not parameterized,objective_function is not compacted,ok
multiple-randomized,MAXIMIZE_RATIO/SEMI_DEVIATION,MAXIMIZE_RATIO,SEMI_DEVIATION,,480,0,0,7.690100807001727,6.990557171000546,1.1000697968544124,fit-assemble,MAXIMIZE_RATIO homogenization is not parameterized,objective_function is not compacted,ok
multiple-randomized,MAXIMIZE_RATIO/MEAN_ABSOLUTE_DEVIATION,MAXIMIZE_RATIO,MEAN_ABSOLUTE_DEVIATION,,480,0,0,6.092704586000764,5.4492402440009755,1.1180833131202415,fit-assemble,MAXIMIZE_RATIO homogenization is not parameterized,objective_function is not compacted,ok
multiple-randomized,MAXIMIZE_RATIO/CVAR,MAXIMIZE_RATIO,CVAR,,480,0,0,6.755175042999326,6.019063161998929,1.1222967530309043,fit-assemble,MAXIMIZE_RATIO homogenization is not parameterized,objective_function is not compacted,ok
multiple-randomized,MAXIMIZE_RATIO/EVAR,MAXIMIZE_RATIO,EVAR,,,,,,,,fit-assemble,,,"SolverError: Solver 'CLARABEL' failed. Try another solver, or solve with solver_params=dict(verbose=True) for more information"
multiple-randomized,MAXIMIZE_RATIO/WORST_REALIZATION,MAXIMIZE_RATIO,WORST_REALIZATION,,480,0,0,5.354783273000066,4.65140986699771,1.1512172494178317,fit-assemble,MAXIMIZE_RATIO homogenization is not parameterized,objective_function is not compacted,ok
multiple-randomized,MAXIMIZE_RATIO/CDAR,MAXIMIZE_RATIO,CDAR,,480,0,0,9.05225171300117,8.320778404999146,1.0879092402656165,fit-assemble,MAXIMIZE_RATIO homogenization is not parameterized,objective_function is not compacted,ok
multiple-randomized,MAXIMIZE_RATIO/MAX_DRAWDOWN,MAXIMIZE_RATIO,MAX_DRAWDOWN,,480,0,0,7.332091405001847,6.690491461999045,1.0958972814847745,fit-assemble,MAXIMIZE_RATIO homogenization is not parameterized,objective_function is not compacted,ok
multiple-randomized,MAXIMIZE_RATIO/AVERAGE_DRAWDOWN,MAXIMIZE_RATIO,AVERAGE_DRAWDOWN,,480,0,0,7.215317234000395,6.512778468000761,1.1078708218698698,fit-assemble,MAXIMIZE_RATIO homogenization is not parameterized,objective_function is not compacted,ok
multiple-randomized,MAXIMIZE_RATIO/EDAR,MAXIMIZE_RATIO,EDAR,,,,,,,,fit-assemble,,,"SolverError: Solver 'CLARABEL' failed. Try another solver, or solve with solver_params=dict(verbose=True) for more information"
multiple-randomized,MAXIMIZE_RATIO/FIRST_LOWER_PARTIAL_MOMENT,MAXIMIZE_RATIO,FIRST_LOWER_PARTIAL_MOMENT,,480,0,0,6.219864889000746,5.598574912997719,1.1109728789304278,fit-assemble,MAXIMIZE_RATIO homogenization is not parameterized,objective_function is not compacted,ok
multiple-randomized,MAXIMIZE_RATIO/ULCER_INDEX,MAXIMIZE_RATIO,ULCER_INDEX,,480,0,0,8.649205086003349,8.044840173999546,1.075124539323612,fit-assemble,MAXIMIZE_RATIO homogenization is not parameterized,objective_function is not compacted,ok
purged-cpcv,MINIMIZE_RISK/VARIANCE,MINIMIZE_RISK,VARIANCE,,6,5,0,0.06491675200231839,0.006036527000105707,10.753990167058246,osqp,boxed MeanRisk variance; compact OSQP,,ok
purged-cpcv,MINIMIZE_RISK/SEMI_VARIANCE,MINIMIZE_RISK,SEMI_VARIANCE,,6,0,0,0.4607456439989619,0.47510504700039746,0.9697763618970279,clarabel,boxed MeanRisk scenario risk; compact Clarabel,,ok
purged-cpcv,MINIMIZE_RISK/STANDARD_DEVIATION,MINIMIZE_RISK,STANDARD_DEVIATION,,6,5,1,0.058849041000939906,0.03701788500256953,1.5897461726096724,cvxpy-sequential,MeanRisk outside the compact subset (risk_measure is not compacted),,ok
purged-cpcv,MINIMIZE_RISK/SEMI_DEVIATION,MINIMIZE_RISK,SEMI_DEVIATION,,6,0,0,0.6037977230007527,0.5952519009988464,1.0143566479797315,clarabel,boxed MeanRisk scenario risk; compact Clarabel,,ok
purged-cpcv,MINIMIZE_RISK/MEAN_ABSOLUTE_DEVIATION,MINIMIZE_RISK,MEAN_ABSOLUTE_DEVIATION,,6,0,0,0.40971183399960864,0.48376783300045645,0.8469183067804801,clarabel,boxed MeanRisk scenario risk; compact Clarabel,,ok
purged-cpcv,MINIMIZE_RISK/CVAR,MINIMIZE_RISK,CVAR,,6,0,0,0.49231024000255275,0.4674880810016475,1.0530968809893952,clarabel,boxed MeanRisk scenario risk; compact Clarabel,,ok
purged-cpcv,MINIMIZE_RISK/EVAR,MINIMIZE_RISK,EVAR,,6,0,0,1.3459896259992092,1.199106517000473,1.1224937959357935,clarabel,boxed MeanRisk scenario risk; compact Clarabel,,ok
purged-cpcv,MINIMIZE_RISK/WORST_REALIZATION,MINIMIZE_RISK,WORST_REALIZATION,,6,0,0,0.3051100949996908,0.3363550359972578,0.9071072597295027,clarabel,boxed MeanRisk scenario risk; compact Clarabel,,ok
purged-cpcv,MINIMIZE_RISK/CDAR,MINIMIZE_RISK,CDAR,,6,0,0,1.1675723980006296,1.2368759480013978,0.9439688756881787,clarabel,boxed MeanRisk scenario risk; compact Clarabel,,ok
purged-cpcv,MINIMIZE_RISK/MAX_DRAWDOWN,MINIMIZE_RISK,MAX_DRAWDOWN,,6,0,0,0.8760003839997808,0.8198185449982702,1.068529602488596,clarabel,boxed MeanRisk scenario risk; compact Clarabel,,ok
purged-cpcv,MINIMIZE_RISK/AVERAGE_DRAWDOWN,MINIMIZE_RISK,AVERAGE_DRAWDOWN,,6,0,0,0.6473976119996223,1.197175559002062,0.5407708227348694,clarabel,boxed MeanRisk scenario risk; compact Clarabel,,ok
purged-cpcv,MINIMIZE_RISK/EDAR,MINIMIZE_RISK,EDAR,,,,,,,,clarabel,,,"SolverError: Solver 'CLARABEL' failed. Try another solver, or solve with solver_params=dict(verbose=True) for more information"
purged-cpcv,MINIMIZE_RISK/FIRST_LOWER_PARTIAL_MOMENT,MINIMIZE_RISK,FIRST_LOWER_PARTIAL_MOMENT,,6,0,0,0.4207018449997122,0.4399146989999281,0.956325955818496,clarabel,boxed MeanRisk scenario risk; compact Clarabel,,ok
purged-cpcv,MINIMIZE_RISK/ULCER_INDEX,MINIMIZE_RISK,ULCER_INDEX,,6,1,5,0.8345315480000863,7.0626960160007,0.11816047952643521,cvxpy-sequential,MeanRisk outside the compact subset (risk_measure is not compacted),,ok
purged-cpcv,MAXIMIZE_RETURN/VARIANCE,MAXIMIZE_RETURN,VARIANCE,,6,5,1,0.061663784999836935,0.03732535699964501,1.6520614926850774,cvxpy-sequential,MeanRisk outside the compact subset (objective_function is not compacted),,ok
purged-cpcv,MAXIMIZE_RETURN/SEMI_VARIANCE,MAXIMIZE_RETURN,SEMI_VARIANCE,,6,1,5,0.28038498500245623,0.3123136970025371,0.8977671734972883,cvxpy-sequential,MeanRisk outside the compact subset (objective_function is not compacted),,ok
purged-cpcv,MAXIMIZE_RETURN/STANDARD_DEVIATION,MAXIMIZE_RETURN,STANDARD_DEVIATION,,6,5,1,0.0592453099998238,0.03658783100036089,1.619262699645667,cvxpy-sequential,MeanRisk outside the compact subset (objective_function is not compacted),,ok
purged-cpcv,MAXIMIZE_RETURN/SEMI_DEVIATION,MAXIMIZE_RETURN,SEMI_DEVIATION,,6,1,5,0.28008996899734484,0.3127035689976765,0.8957044203081226,cvxpy-sequential,MeanRisk outside the compact subset (objective_function is not compacted),,ok
purged-cpcv,MAXIMIZE_RETURN/MEAN_ABSOLUTE_DEVIATION,MAXIMIZE_RETURN,MEAN_ABSOLUTE_DEVIATION,,6,1,5,0.30835649499931606,0.3407854580000276,0.9048405316616859,cvxpy-sequential,MeanRisk outside the compact subset (objective_function is not compacted),,ok
purged-cpcv,MAXIMIZE_RETURN/CVAR,MAXIMIZE_RETURN,CVAR,,6,1,5,0.3267090059998736,0.3369864430023881,0.9695019274041192,cvxpy-sequential,MeanRisk outside the compact subset (objective_function is not compacted),,ok
purged-cpcv,MAXIMIZE_RETURN/EVAR,MAXIMIZE_RETURN,EVAR,,6,1,5,0.5692073669997626,5.695492653998372,0.09993997035535906,cvxpy-sequential,MeanRisk outside the compact subset (objective_function is not compacted),,ok
purged-cpcv,MAXIMIZE_RETURN/WORST_REALIZATION,MAXIMIZE_RETURN,WORST_REALIZATION,,6,1,5,0.28014050099955057,0.23434982300022966,1.1953945491107798,cvxpy-sequential,MeanRisk outside the compact subset (objective_function is not compacted),,ok
purged-cpcv,MAXIMIZE_RETURN/CDAR,MAXIMIZE_RETURN,CDAR,,6,1,5,0.7928574170000502,0.7944246749975719,0.9980271786025195,cvxpy-sequential,MeanRisk outside the compact subset (objective_function is not compacted),,ok
purged-cpcv,MAXIMIZE_RETURN/MAX_DRAWDOWN,MAXIMIZE_RETURN,MAX_DRAWDOWN,,6,1,5,0.7364821610026411,0.736237582998001,1.0003321998364225,cvxpy-sequential,MeanRisk outside the compact subset (objective_function is not compacted),,ok
purged-cpcv,MAXIMIZE_RETURN/AVERAGE_DRAWDOWN,MAXIMIZE_RETURN,AVERAGE_DRAWDOWN,,6,1,5,0.6394915269993362,0.6353281330011669,1.006553139679967,cvxpy-sequential,MeanRisk outside the compact subset (objective_function is not compacted),,ok
purged-cpcv,MAXIMIZE_RETURN/EDAR,MAXIMIZE_RETURN,EDAR,,6,1,5,1.1921510809988831,12.643910630999017,0.09428657919141661,cvxpy-sequential,MeanRisk outside the compact subset (objective_function is not compacted),,ok
purged-cpcv,MAXIMIZE_RETURN/FIRST_LOWER_PARTIAL_MOMENT,MAXIMIZE_RETURN,FIRST_LOWER_PARTIAL_MOMENT,,6,1,5,0.32825722499910626,0.3573871839980711,0.9184918757491817,cvxpy-sequential,MeanRisk outside the compact subset (objective_function is not compacted),,ok
purged-cpcv,MAXIMIZE_RETURN/ULCER_INDEX,MAXIMIZE_RETURN,ULCER_INDEX,,6,1,5,0.6418644949990266,0.6568868620015564,0.977130967489963,cvxpy-sequential,MeanRisk outside the compact subset (objective_function is not compacted),,ok
purged-cpcv,MAXIMIZE_UTILITY/VARIANCE,MAXIMIZE_UTILITY,VARIANCE,,6,5,0,0.06427491900103632,0.005700653997337213,11.275007925592268,osqp,boxed MeanRisk variance; compact OSQP,,ok
purged-cpcv,MAXIMIZE_UTILITY/SEMI_VARIANCE,MAXIMIZE_UTILITY,SEMI_VARIANCE,,6,0,0,0.4267241319976165,0.41719545500018285,1.0228398389369546,clarabel,boxed MeanRisk scenario risk; compact Clarabel,,ok
purged-cpcv,MAXIMIZE_UTILITY/STANDARD_DEVIATION,MAXIMIZE_UTILITY,STANDARD_DEVIATION,,6,5,1,0.10795881800004281,0.03830652100077714,2.818288249090869,cvxpy-sequential,MeanRisk outside the compact subset (risk_measure is not compacted),,ok
purged-cpcv,MAXIMIZE_UTILITY/SEMI_DEVIATION,MAXIMIZE_UTILITY,SEMI_DEVIATION,,6,0,0,0.6254844709983445,0.5939422839983308,1.0531064850067187,clarabel,boxed MeanRisk scenario risk; compact Clarabel,,ok
purged-cpcv,MAXIMIZE_UTILITY/MEAN_ABSOLUTE_DEVIATION,MAXIMIZE_UTILITY,MEAN_ABSOLUTE_DEVIATION,,6,0,0,0.42383500800133334,0.5072610749994055,0.8355362334904763,clarabel,boxed MeanRisk scenario risk; compact Clarabel,,ok
purged-cpcv,MAXIMIZE_UTILITY/CVAR,MAXIMIZE_UTILITY,CVAR,,6,0,0,0.5163566580013139,0.4591817500004254,1.124514765669227,clarabel,boxed MeanRisk scenario risk; compact Clarabel,,ok
purged-cpcv,MAXIMIZE_UTILITY/EVAR,MAXIMIZE_UTILITY,EVAR,,6,0,0,1.3247585730023275,1.2133596429994213,1.091810314151811,clarabel,boxed MeanRisk scenario risk; compact Clarabel,,ok
purged-cpcv,MAXIMIZE_UTILITY/WORST_REALIZATION,MAXIMIZE_UTILITY,WORST_REALIZATION,,6,0,0,0.30424872799994773,0.2892439240022213,1.051875952276222,clarabel,boxed MeanRisk scenario risk; compact Clarabel,,ok
purged-cpcv,MAXIMIZE_UTILITY/CDAR,MAXIMIZE_UTILITY,CDAR,,6,0,0,1.196032533000107,1.215194139000232,0.9842316504127564,clarabel,boxed MeanRisk scenario risk; compact Clarabel,,ok
purged-cpcv,MAXIMIZE_UTILITY/MAX_DRAWDOWN,MAXIMIZE_UTILITY,MAX_DRAWDOWN,,6,0,0,0.8688138350007648,0.7774181269996916,1.1175631295784147,clarabel,boxed MeanRisk scenario risk; compact Clarabel,,ok
purged-cpcv,MAXIMIZE_UTILITY/AVERAGE_DRAWDOWN,MAXIMIZE_UTILITY,AVERAGE_DRAWDOWN,,6,0,0,0.6826961950027908,1.0512322100003075,0.6494247308143184,clarabel,boxed MeanRisk scenario risk; compact Clarabel,,ok
purged-cpcv,MAXIMIZE_UTILITY/EDAR,MAXIMIZE_UTILITY,EDAR,,,,,,,,clarabel,,,"SolverError: Solver 'CLARABEL' failed. Try another solver, or solve with solver_params=dict(verbose=True) for more information"
purged-cpcv,MAXIMIZE_UTILITY/FIRST_LOWER_PARTIAL_MOMENT,MAXIMIZE_UTILITY,FIRST_LOWER_PARTIAL_MOMENT,,6,0,0,0.41691764300048817,0.4915514640015317,0.8481668218552778,clarabel,boxed MeanRisk scenario risk; compact Clarabel,,ok
purged-cpcv,MAXIMIZE_UTILITY/ULCER_INDEX,MAXIMIZE_UTILITY,ULCER_INDEX,,6,1,5,0.8486864010010322,6.026203556997643,0.14083268063780144,cvxpy-sequential,MeanRisk outside the compact subset (risk_measure is not compacted),,ok
purged-cpcv,MAXIMIZE_RATIO/VARIANCE,MAXIMIZE_RATIO,VARIANCE,,6,0,0,0.06700701899899286,0.05773376299839583,1.1606210217209416,fit-assemble,MAXIMIZE_RATIO homogenization is not parameterized,objective_function is not compacted,ok
purged-cpcv,MAXIMIZE_RATIO/SEMI_VARIANCE,MAXIMIZE_RATIO,SEMI_VARIANCE,,6,0,0,0.5179471219998959,0.5102617430020473,1.0150616406251287,fit-assemble,MAXIMIZE_RATIO homogenization is not parameterized,objective_function is not compacted,ok
purged-cpcv,MAXIMIZE_RATIO/STANDARD_DEVIATION,MAXIMIZE_RATIO,STANDARD_DEVIATION,,6,0,0,0.063220972999261,0.05519425100283115,1.1454267763506405,fit-assemble,MAXIMIZE_RATIO homogenization is not parameterized,objective_function is not compacted,ok
purged-cpcv,MAXIMIZE_RATIO/SEMI_DEVIATION,MAXIMIZE_RATIO,SEMI_DEVIATION,,6,0,0,0.801262291999592,0.7904967990034493,1.013618642111789,fit-assemble,MAXIMIZE_RATIO homogenization is not parameterized,objective_function is not compacted,ok
purged-cpcv,MAXIMIZE_RATIO/MEAN_ABSOLUTE_DEVIATION,MAXIMIZE_RATIO,MEAN_ABSOLUTE_DEVIATION,,6,0,0,0.45459882900104276,0.4496423810014676,1.0110230890347478,fit-assemble,MAXIMIZE_RATIO homogenization is not parameterized,objective_function is not compacted,ok
purged-cpcv,MAXIMIZE_RATIO/CVAR,MAXIMIZE_RATIO,CVAR,,6,0,0,0.6515010799994343,0.6479926800020621,1.005414258687862,fit-assemble,MAXIMIZE_RATIO homogenization is not parameterized,objective_function is not compacted,ok
purged-cpcv,MAXIMIZE_RATIO/EVAR,MAXIMIZE_RATIO,EVAR,,,,,,,,fit-assemble,,,"SolverError: Solver 'CLARABEL' failed. Try another solver, or solve with solver_params=dict(verbose=True) for more information"
purged-cpcv,MAXIMIZE_RATIO/WORST_REALIZATION,MAXIMIZE_RATIO,WORST_REALIZATION,,6,0,0,0.36832256500201765,0.35844913700202596,1.0275448508052507,fit-assemble,MAXIMIZE_RATIO homogenization is not parameterized,objective_function is not compacted,ok
purged-cpcv,MAXIMIZE_RATIO/CDAR,MAXIMIZE_RATIO,CDAR,,6,0,0,0.9928354149997176,0.9864627749993815,1.0064600917154123,fit-assemble,MAXIMIZE_RATIO homogenization is not parameterized,objective_function is not compacted,ok
purged-cpcv,MAXIMIZE_RATIO/MAX_DRAWDOWN,MAXIMIZE_RATIO,MAX_DRAWDOWN,,6,0,0,0.666533559000527,0.6629793240026629,1.0053610042865377,fit-assemble,MAXIMIZE_RATIO homogenization is not parameterized,objective_function is not compacted,ok
purged-cpcv,MAXIMIZE_RATIO/AVERAGE_DRAWDOWN,MAXIMIZE_RATIO,AVERAGE_DRAWDOWN,,6,0,0,1.2329388930011191,1.2262222659992403,1.0054774955471921,fit-assemble,MAXIMIZE_RATIO homogenization is not parameterized,objective_function is not compacted,ok
purged-cpcv,MAXIMIZE_RATIO/EDAR,MAXIMIZE_RATIO,EDAR,,6,0,0,1.8238846940002986,1.936616751998372,0.9417891754361071,fit-assemble,MAXIMIZE_RATIO homogenization is not parameterized,objective_function is not compacted,ok
purged-cpcv,MAXIMIZE_RATIO/FIRST_LOWER_PARTIAL_MOMENT,MAXIMIZE_RATIO,FIRST_LOWER_PARTIAL_MOMENT,,6,0,0,0.4586722630010627,0.4507168720010668,1.0176505285117816,fit-assemble,MAXIMIZE_RATIO homogenization is not parameterized,objective_function is not compacted,ok
purged-cpcv,MAXIMIZE_RATIO/ULCER_INDEX,MAXIMIZE_RATIO,ULCER_INDEX,,6,0,0,1.1684314080011973,1.195659056000295,0.9772279163843082,fit-assemble,MAXIMIZE_RATIO homogenization is not parameterized,objective_function is not compacted,ok
purged-cpcv,MINIMIZE_RISK/VARIANCE+min_return,MINIMIZE_RISK,VARIANCE,min_return,6,5,1,0.0658132820026367,0.037948724999296246,1.734268595423356,cvxpy-sequential,MeanRisk outside the compact subset (minimum return is not compacted),,ok
purged-cpcv,MINIMIZE_RISK/VARIANCE+linear_constraints,MINIMIZE_RISK,VARIANCE,linear_constraints,6,5,1,0.06261058000018238,0.037304901001334656,1.6783473034264953,cvxpy-sequential,MeanRisk outside the compact subset (linear constraints is not compacted),,ok
purged-cpcv,MINIMIZE_RISK/VARIANCE+management_fees,MINIMIZE_RISK,VARIANCE,management_fees,6,5,1,0.058704428000055486,0.03674337300253683,1.597687506696852,cvxpy-sequential,MeanRisk outside the compact subset (management fees are not compacted),,ok
purged-cpcv,MINIMIZE_RISK/VARIANCE+l1_coef,MINIMIZE_RISK,VARIANCE,l1_coef,6,5,1,0.06295501600106945,0.038073703999543795,1.6535038461669973,cvxpy-sequential,MeanRisk outside the compact subset (l1_coef is not compacted),,ok
purged-cpcv,MINIMIZE_RISK/CVAR+min_return,MINIMIZE_RISK,CVAR,min_return,6,1,5,0.5047083189965633,0.5200713180020102,0.9704598225788188,cvxpy-sequential,MeanRisk outside the compact subset (minimum return is not compacted),,ok
